{"entities":{"pages":{"welcome":{"id":"welcome","title":"Welcome","url":"welcome.html","level":0,"tabIndex":0},"DynamicSeasons":{"id":"DynamicSeasons","title":"DynamicSeasons","url":"dynamicseasons.html","level":0,"pages":["Features"],"tabIndex":1},"Features":{"id":"Features","title":"Features","url":"features.html","level":1,"parentId":"DynamicSeasons","pages":["Updater"],"tabIndex":0},"Updater":{"id":"Updater","title":"Updater","url":"updater.html","level":2,"parentId":"Features","tabIndex":0}}},"topLevelIds":["welcome","DynamicSeasons"]}